{"cameraMode":{"drawMode":0,"name":"Shaded","section":"Shading Mode"},"sceneLighting":false,"audioPlay":false,"sceneViewState":{"m_AlwaysRefresh":false,"showFog":true,"showSkybox":false,"showFlares":true,"showImageEffects":true,"showParticleSystems":true,"showVisualEffectGraphs":true,"m_FxEnabled":true},"in2DMode":false,"pivot":{"x":3.5762786865234377e-7,"y":1.3549282550811768,"z":-0.12893426418304444},"rotation":{"x":-0.0039132521487772469,"y":0.9840782880783081,"z":0.02184072881937027,"w":0.17632944881916047},"size":2.29900860786438,"orthographic":false}