{"cameraMode":{"drawMode":0,"name":"Shaded","section":"Shading Mode"},"sceneLighting":true,"audioPlay":false,"sceneViewState":{"m_AlwaysRefresh":false,"showFog":true,"showSkybox":true,"showFlares":true,"showImageEffects":true,"showParticleSystems":true,"showVisualEffectGraphs":true,"m_FxEnabled":true},"in2DMode":false,"pivot":{"x":3.7599525451660158,"y":-1.2865195274353028,"z":-4.61766242980957},"rotation":{"x":-0.0039132521487772469,"y":0.9840782880783081,"z":0.02184072881937027,"w":0.17632944881916047},"size":2.1609675884246828,"orthographic":false}