{"cameraMode":{"drawMode":0,"name":"Shaded","section":"Shading Mode"},"sceneLighting":true,"audioPlay":false,"sceneViewState":{"m_AlwaysRefresh":false,"showFog":true,"showSkybox":true,"showFlares":true,"showImageEffects":true,"showParticleSystems":true,"showVisualEffectGraphs":true,"m_FxEnabled":true},"in2DMode":false,"pivot":{"x":0.7209640741348267,"y":0.3718726634979248,"z":-6.322806358337402},"rotation":{"x":-0.11632201075553894,"y":0.02030901424586773,"z":0.0024452079087495805,"w":0.9929999113082886},"size":1.5331751108169556,"orthographic":false}