{"cameraMode":{"drawMode":0,"name":"Shaded","section":"Shading Mode"},"sceneLighting":false,"audioPlay":false,"sceneViewState":{"m_AlwaysRefresh":false,"showFog":true,"showSkybox":false,"showFlares":true,"showImageEffects":true,"showParticleSystems":true,"showVisualEffectGraphs":true,"m_FxEnabled":true},"in2DMode":false,"pivot":{"x":0.000009606686035112944,"y":-0.0000024245664462796414,"z":-0.000004128110958845355},"rotation":{"x":-0.042753469198942187,"y":0.9546118974685669,"z":-0.2415265291929245,"w":-0.1689796894788742},"size":0.001317320391535759,"orthographic":false}